1,the,56271872
2,of,33950064
3,and,29944184
4,to,25956096
5,in,17420636
6,i,11764797
7,that,11073318
8,was,10078245
9,his,8799755
10,he,8397205
11,it,8058110
12,with,7725512
13,is,7557477
14,for,7097981
15,as,7037543
16,had,6139336
17,you,6048903
18,not,5741803
19,be,5662527
20,her,5202501
21,on,5113263
22,at,5091841
23,by,5061050
24,which,4580906
25,have,4346500
26,or,4228287
27,from,4108111
28,this,4015425
29,him,3971997
30,but,3894211
31,all,3703342
32,she,3415846
33,they,3340398
34,were,3323884
35,my,3277699
36,are,3224178
37,me,3027134
38,one,2832569
39,their,2820265
40,so,2802481
41,an,2641417
42,said,2637136
43,them,2509917
44,we,2491655
45,who,2472663
46,would,2400858
47,been,2357654
48,will,2320022
49,no,2241145
50,when,1980046
51,there,1961200
52,if,1951102
53,more,1899787
54,out,1875351
55,up,1792712
56,into,1703963
57,do,1680164
58,any,1665366
59,your,1658553
60,what,1605908
61,has,1602329
62,man,1573117
63,could,1571110
64,other,1533530
65,than,1508779
66,our,1498473
67,some,1476767
68,very,1462382
69,time,1449681
70,upon,1424595
71,about,1414687
72,may,1400642
73,its,1373270
74,only,1318367
75,now,1317723
76,like,1280625
77,little,1273589
78,then,1255636
79,can,1210074
80,should,1192154
81,made,1188501
82,did,1185720
83,us,1171742
84,such,1136757
85,a,1135294
86,great,1120163
87,before,1117089
88,must,1108116
89,two,1093366
90,these,1090510
91,see,1084286
92,know,1075612
93,over,1056659
94,much,1021822
95,down,989808
96,after,978575
97,first,978196
98,Mr,974419
99,good,966602
100,men,923053
101,own,922130
102,never,899673
103,most,889691
104,old,887917
105,shall,883846
106,day,882331
107,where,881975
108,those,878621
109,came,873144
110,come,873007
111,himself,863478
112,way,860027
113,work,829823
114,life,825485
115,without,819684
116,go,816536
117,make,807600
118,well,799596
119,through,792925
120,being,792220
121,long,791686
122,say,788124
123,might,787455
124,how,770603
125,am,761957
126,too,758856
127,even,750750
128,def,748992
129,again,745230
130,many,744168
131,back,740270
132,here,729829
133,think,715780
134,every,704444
135,people,701741
136,went,690186
137,same,689376
138,last,680833
139,thought,674623
140,away,673810
141,under,671168
142,take,656486
143,found,654512
144,hand,648227
145,eyes,647788
146,still,640067
147,place,621773
148,while,613918
149,just,610168
150,also,608042
151,young,591821
152,yet,588615
153,though,570877
154,against,569459
155,things,567559
156,get,564674
157,ever,559207
158,give,554003
159,god,552668
160,years,547420
161,off,545832
162,face,544251
163,nothing,541692
164,right,536737
165,once,534154
166,another,533985
167,left,531797
168,part,526137
169,saw,520922
170,house,517564
171,world,517557
172,head,512481
173,three,502146
174,took,501669
175,new,498040
176,love,496496
177,always,495834
178,Mrs,495443
179,put,495189
180,night,484878
181,each,484599
182,king,479849
183,between,479034
184,tell,475277
185,mind,470313
186,heart,467157
187,few,466338
188,because,465587
189,thing,461472
190,whom,458312
191,far,456267
192,seemed,447884
193,looked,447491
194,called,445602
195,whole,435059
196,de,433393
197,set,432637
198,both,432491
199,got,432016
200,find,431120
201,done,430389
202,heard,429972
203,look,428871
204,name,427021
205,days,426104
206,told,424696
207,let,424320
208,lord,422407
209,country,420788
210,asked,420044
211,going,419315
212,seen,418862
213,better,416463
214,p,415673
215,having,415355
216,home,413499
217,knew,413101
218,side,405810
219,something,398727
220,moment,390988
221,father,387790
222,among,387549
223,course,385303
224,hands,385081
225,woman,384156
226,enough,382266
227,words,380328
228,mother,373898
229,soon,373813
230,full,371831
231,end,369761
232,gave,369036
233,room,366719
234,almost,366630
235,small,359970
236,thou,355857
237,cannot,355656
238,water,355467
239,want,354212
240,however,352828
241,light,351253
242,quite,350537
243,brought,349925
244,nor,349691
245,word,349685
246,whose,344377
247,given,344141
248,door,342388
249,best,337544
250,turned,337367
251,taken,335210
252,does,334332
253,use,333883
254,morning,330567
255,myself,328630
256,Gutenberg,328324
257,felt,326524
258,until,326391
259,since,326386
260,power,326243
261,themselves,325793
262,used,325791
263,rather,325719
264,began,325327
265,present,324509
266,voice,322870
267,others,322643
268,white,322465
269,works,318937
270,less,316490
271,money,315642
272,next,313167
273,poor,311818
274,death,309653
275,stood,308025
276,form,307506
277,within,307223
278,together,304955
279,till,304735
280,thy,304489
281,large,304240
282,matter,301283
283,kind,298191
284,often,296798
285,certain,296795
286,herself,295916
287,year,295745
288,friend,295078
289,half,293866
290,order,293593
291,round,291647
292,TRUE,291427
293,anything,289997
294,keep,289304
295,sent,287876
296,wife,286847
297,means,284431
298,believe,281965
299,passed,279864
300,feet,279821
301,near,278870
302,public,278365
303,state,277682
304,son,277227
305,hundred,275990
306,children,275607
307,thus,275221
308,hope,273746
309,alone,272173
310,above,271641
311,case,271588
312,dear,270503
313,thee,269414
314,says,268542
315,person,267878
316,high,266672
317,read,265947
318,city,265138
319,already,264662
320,received,264606
321,fact,263613
322,gone,263585
323,girl,262689
324,known,262571
325,hear,260746
326,times,260596
327,least,259916
328,perhaps,257964
329,sure,255885
330,indeed,255789
331,english,255212
332,open,254373
333,body,252812
334,itself,251252
335,along,251163
336,land,249677
337,return,249533
338,leave,249063
339,air,247480
340,nature,246792
341,answered,246251
342,either,244426
343,law,244138
344,help,243712
345,lay,242753
346,point,242269
347,child,242201
348,letter,242178
349,four,242099
350,wish,241091
351,fire,240652
352,cried,240280
353,2,240009
354,women,239735
355,speak,239025
356,number,238734
357,therefore,238281
358,hour,237964
359,friends,237481
360,held,235474
361,free,235012
362,war,234544
363,during,233771
364,several,233197
365,business,233158
366,whether,230819
367,er,230485
368,manner,230401
369,second,230300
370,reason,229940
371,replied,229913
372,united,226953
373,call,226661
374,general,226391
375,why,226216
376,behind,226205
377,became,224811
378,john,224569
379,become,224326
380,dead,224049
381,earth,222546
382,boy,222315
383,lost,222264
384,forth,220598
385,thousand,218623
386,looking,218510
387,I'll,218372
388,family,218118
389,soul,217840
390,feel,216356
391,coming,215147
392,England,214339
393,spirit,213257
394,question,213124
395,care,213072
396,truth,212548
397,ground,212369
398,really,211722
399,rest,211668
400,mean,211299
401,different,211043
402,making,210031
403,possible,209099
404,fell,208344
405,towards,208199
406,human,206740
407,kept,206329
408,short,206216
409,town,205687
410,following,205653
411,need,204955
412,cause,204686
413,met,203956
414,evening,203331
415,returned,202041
416,five,201451
417,strong,200224
418,able,200145
419,french,199969
420,live,199658
421,lady,199560
422,subject,198566
423,sn,198498
424,answer,198187
425,sea,198128
426,fear,196739
427,understand,196729
428,hard,196458
429,terms,196252
430,doubt,195905
431,around,195594
432,ask,194903
433,arms,194298
434,turn,192763
435,sense,192719
436,seems,192229
437,black,191272
438,bring,191148
439,followed,190649
440,beautiful,190563
441,close,188915
442,dark,188316
443,hold,186609
444,character,186256
445,sort,186136
446,sight,185862
447,ten,184612
448,show,184074
449,party,184068
450,fine,183059
451,ye,182978
452,ready,181866
453,story,180998
454,common,180061
455,book,179739
456,electronic,179347
457,talk,178877
458,account,178452
459,mark,178084
460,interest,178001
461,written,177232
462,can't,176728
463,bed,176635
464,necessary,176467
465,age,176320
466,else,175980
467,force,175520
468,idea,174236
469,longer,173897
470,art,173544
471,spoke,172990
472,across,172901
473,brother,172692
474,early,172467
475,ought,171690
476,sometimes,171309
477,line,170962
478,saying,170695
479,table,170143
480,appeared,169913
481,river,169470
482,continued,169086
483,eye,168723
484,ety,168713
485,sun,168545
486,information,168408
487,later,167805
488,everything,166395
489,reached,165752
490,suddenly,164850
491,past,164703
492,hours,164326
493,strange,164147
494,deep,163819
495,change,163514
496,miles,163341
497,feeling,163269
498,act,162869
499,meet,162687
500,paid,162605
501,further,162328
502,purpose,162154
503,happy,162105
504,added,161953
505,seem,161549
506,taking,160626
507,blood,160547
508,rose,159794
509,south,158664
510,beyond,158344
511,cold,158204
512,neither,158200
513,forward,157578
514,view,157416
515,I've,157210
516,position,156851
517,sound,156616
518,none,155743
519,entered,155480
520,clear,155472
521,road,154977
522,late,154840
523,stand,154582
524,suppose,154536
525,la,154457
526,daughter,154261
527,real,154046
528,nearly,154001
529,mine,153940
530,laws,153830
531,knowledge,153829
532,comes,153299
533,toward,152972
534,bad,152889
535,cut,152625
536,copy,151661
537,husband,151651
538,six,151612
539,France,151108
540,living,151043
541,peace,150281
542,didn't,149696
543,low,149690
544,north,149601
545,remember,149323
546,effect,148795
547,natural,148744
548,pretty,148124
549,fall,147435
550,fair,147401
551,service,146483
552,below,146062
553,except,145998
554,American,145980
555,hair,145817
556,London,145606
557,laid,145490
558,pass,145440
559,led,145393
560,copyright,145244
561,doing,145131
562,army,144925
563,run,144688
564,horse,144022
565,future,143658
566,opened,143625
567,pleasure,142952
568,history,141958
569,west,141745
570,pay,141597
571,red,141588
572,an',141517
573,4,141402
574,hath,141246
575,note,140679
576,although,140667
577,wanted,140608
578,gold,139711
579,makes,139167
580,desire,138288
581,play,138228
582,master,137871
583,office,136616
584,tried,136507
585,front,136296
586,big,136265
587,Dr,135902
588,lived,135512
589,certainly,135386
590,wind,134689
591,receive,134351
592,attention,134257
593,government,134075
594,unto,134048
595,church,133975
596,strength,133771
597,length,133663
598,company,133159
599,placed,133084
600,paper,133030
601,letters,132785
602,probably,132560
603,glad,132368
604,important,132288
605,especially,132096
606,greater,132045
607,yourself,131617
608,fellow,131509
609,bear,131397
610,opinion,130867
611,window,130590
612,ran,130394
613,faith,130376
614,ago,130255
615,agreement,130079
616,charge,129644
617,beauty,129586
618,lips,129473
619,remained,129411
620,arm,129325
621,latter,129276
622,duty,129116
623,send,129075
624,distance,129046
625,silence,128067
626,foot,128053
627,wild,127758
628,object,127468
629,die,127167
630,save,126799
631,gentleman,126761
632,trees,126469
633,green,126431
634,trouble,125885
635,smile,125830
636,books,125827
637,wrong,125401
638,various,125006
639,sleep,124634
640,persons,123820
641,blockquote,123703
642,happened,123421
643,particular,123182
644,drew,122264
645,minutes,122201
646,hardly,121603
647,walked,121276
648,chief,121207
649,chance,120739
650,according,120733
651,beginning,120733
652,action,120590
653,deal,120186
654,loved,120145
655,visit,119807
656,thinking,119753
657,follow,119666
658,standing,119506
659,knows,119114
660,try,118860
661,presence,118852
662,heavy,118834
663,sweet,118754
664,plain,118641
665,donations,118443
666,immediately,118250
667,wrote,118114
668,mouth,117921
669,rich,117386
670,thoughts,117251
671,months,116955
672,u,116586
673,won't,116568
674,afraid,116467
675,Paris,116402
676,single,115905
677,joy,115788
678,enemy,115195
679,broken,115006
680,unless,114054
681,states,113807
682,ship,113611
683,condition,113578
684,carry,113357
685,exclaimed,113352
686,including,113104
687,filled,112921
688,seeing,112889
689,influence,112447
690,write,112285
691,boys,112125
692,appear,112044
693,outside,111849
694,secret,111678
695,parts,111194
696,please,111114
697,appearance,110932
698,evil,110898
699,march,110834
700,George,110754
701,whatever,110549
702,slowly,110500
703,tears,110314
704,horses,110296
705,places,110250
706,caught,110061
707,stay,109894
708,instead,109837
709,struck,109662
710,blue,109449
711,York,109354
712,impossible,109330
713,period,109160
714,sister,108983
715,battle,108781
716,school,108701
717,Mary,108633
718,raised,108580
719,occasion,108544
720,married,108419
721,man's,108346
722,former,108299
723,food,108140
724,youth,108097
725,learned,108072
726,merely,108034
727,reach,107787
728,system,107496
729,twenty,107475
730,dinner,107414
731,quiet,107167
732,easily,107012
733,moved,106996
734,afterwards,106992
735,giving,106981
736,walk,106858
737,stopped,106661
738,laughed,106591
739,language,106445
740,expression,106415
741,week,106184
742,hall,106108
743,danger,105775
744,property,105765
745,wonder,105588
746,usual,105412
747,figure,105403
748,born,104938
749,court,104606
750,generally,104448
751,grew,104326
752,showed,104205
753,getting,103981
754,ancient,103755
755,respect,103497
756,third,103468
757,worth,103346
758,simple,102885
759,tree,102872
760,leaving,102830
761,remain,102801
762,society,102355
763,fight,102206
764,wall,102124
765,result,102039
766,heaven,101875
767,William,101780
768,started,101771
769,command,101717
770,tone,101569
771,regard,101139
772,expected,101117
773,mere,101061
774,month,101037
775,beside,100710
776,silent,100695
777,perfect,100522
778,experience,100504
779,street,100499
780,writing,100292
781,goes,100235
782,circumstances,100166
783,entirely,99803.2
784,fresh,99654.4
785,duke,99561.9
786,covered,99439.2
787,bound,99304.7
788,east,99220.9
789,wood,99157.6
790,stone,99073.7
791,quickly,98994.6
792,notice,98872
793,bright,98773.9
794,Christ,98758.1
795,boat,98756.5
796,noble,98714.6
797,meant,98705.1
798,somewhat,98651.3
799,sudden,98497.8
800,value,98232.8
801,c.,97991.5
802,direction,97628.3
803,chair,97567.4
804,due,97353
805,support,97334
806,tom,97093.5
807,date,96908.4
808,waiting,96834.8
809,Christian,96735.9
810,village,96681.3
811,lives,96547.6
812,reading,96465.4
813,agree,96413.9
814,lines,96198
815,considered,96182.9
816,field,96170.3
817,observed,96110.1
818,scarcely,95979.6
819,wished,95538.2
820,wait,95523.9
821,greatest,95398.1
822,permission,95391
823,success,95371.2
824,piece,95303.2
825,British,95149.7
826,ex,95127.6
827,Charles,95049.2
828,formed,94978
829,speaking,94833.3
830,trying,94706.7
831,conversation,94578.5
832,proper,94480.4
833,hill,94379.1
834,music,94284.2
835,opportunity,94123.6
836,that's,93912.4
837,German,93866.5
838,afternoon,93839.6
839,cry,93675
840,cost,93470.1
841,allowed,93398.1
842,girls,93384.7
843,considerable,93235.2
844,c,92990.7
845,broke,92800.8
846,honour,92446.4
847,seven,92292.1
848,private,92260.5
849,sit,92217
850,news,92204.3
851,top,91995.5
852,scene,91985.2
853,discovered,91968.6
854,marriage,91937.7
855,step,91592
856,garden,91392.6
857,race,91305.6
858,begin,91207.5
859,per,91115.7
860,individual,90923.5
861,sitting,90632.3
862,learn,90513.7
863,political,90412.4
864,difficult,90385.5
865,bit,90352.3
866,speech,90319
867,Henry,90034.2
868,lie,89756.5
869,cast,89723.3
870,eat,89650.5
871,authority,89562.7
872,etc.,89480.4
873,floor,89151.3
874,ill,89125.2
875,ways,88381.5
876,officers,88207.5
877,offered,88164
878,original,88133.9
879,happiness,88005
880,flowers,87879.2
881,produced,87876
882,summer,87793.7
883,provide,87573
884,study,87538.2
885,religion,87445.6
886,picture,87340.4
887,walls,87300.1
888,personal,87235.2
889,America,87195.6
890,watch,87073.8
891,pleased,86744.7
892,leaves,86702
893,declared,86560.4
894,hot,86478.9
895,understood,86271.6
896,effort,86256.6
897,prepared,86240.7
898,escape,86157.7
899,attempt,86132.4
900,supposed,86122.1
901,killed,86020
902,fast,86008.1
903,author,85992.3
904,Indian,85940.9
905,brown,85875.2
906,determined,85873.7
907,pain,85833.3
908,spring,85777.9
909,takes,85761.3
910,drawn,85701.2
911,soldiers,85694.1
912,houses,85488.4
913,beneath,85453.6
914,talking,85391.1
915,turning,85325.4
916,century,85256.6
917,steps,84796.1
918,intended,84789
919,soft,84783.5
920,straight,84750.2
921,matters,84637.1
922,likely,84636.3
923,corner,84584.1
924,trademark,84518.4
925,justice,84500.2
926,simply,84365
927,produce,84323
928,trust,84298.5
929,appears,84153.7
930,Rome,84141.1
931,laugh,84072.2
932,forget,84004.2
933,Europe,83940.9
934,passage,83908.5
935,eight,83853.9
936,closed,83814.3
937,ourselves,83716.2
938,gives,83639.5
939,dress,83486
940,passing,83482.1
941,terrible,83421.9
942,required,83248.7
943,medium,83151.4
944,efforts,83147.4
945,sake,83124.5
946,breath,83075.4
947,wise,83039
948,ladies,82918
949,possession,82883.2
950,pleasant,82839.7
951,perfectly,82830.9
952,o',82761.3
953,memory,82725.7
954,usually,82644.2
955,grave,82623.7
956,fixed,82566.7
957,modern,82562
958,spot,82338.9
959,troops,82223.4
960,rise,82126.8
961,break,82118.1
962,fifty,82035.1
963,island,81974.9
964,meeting,81962.3
965,camp,81899.8
966,nation,81890.3
967,existence,81804.1
968,reply,81671.1
969,I'd,81624.5
970,copies,81479.7
971,sky,81457.5
972,touch,81396.6
973,equal,81392.7
974,fortune,81232.1
975,v.,81207.5
976,shore,81109.4
977,domain,81056.4
978,named,80756.6
979,situation,80651.4
980,looks,80463.1
981,promise,80426.7
982,orders,80294.6
983,degree,80293.8
984,middle,80239.2
985,winter,80239.2
986,plan,80069.9
987,spent,80046.2
988,allow,79876.1
989,pale,79860.2
990,conduct,79819.9
991,running,79752.6
992,religious,79751.1
993,surprise,79635.6
994,minute,79605.5
995,roman,79482.1
996,cases,79432.2
997,shot,79425.1
998,lead,79418.8
999,move,79376.1
1000,names,79366.6
Rank,Word,Count (per billion)
1001,stop,79301.7
1002,higher,79280.3
1003,et,79225
1004,father's,79201.2
1005,threw,79179.1
1006,worse,79163.2
1007,built,79110.2
1008,spoken,79085.7
1009,glass,79053.3
1010,board,78858.7
1011,vain,78809.6
1012,affairs,78788.3
1013,instance,78564.4
1014,safe,78317.5
1015,loss,78305.7
1016,doctor,78281.9
1017,offer,78246.3
1018,class,78173.5
1019,complete,78039.8
1020,access,77716.3
1021,lower,77368.2
1022,wouldn't,77327
1023,repeated,77300.1
1024,forms,77286.7
1025,darkness,77261.4
1026,military,77249.5
1027,warm,77220.2
1028,drink,77183.8
1029,passion,77028
1030,ones,76976.6
1031,physical,76974.2
1032,example,76922.8
1033,ears,76672
1034,questions,76596.8
1035,start,76592.9
1036,lying,76560.4
1037,smiled,76547.8
1038,keeping,76541.4
1039,spite,76495.5
1040,shown,76402.2
1041,directly,76333.4
1042,james,76067.5
1043,hart,76059.6
1044,serious,75990.8
1045,hat,75918
1046,dog,75874.5
1047,silver,75859.5
1048,sufficient,75856.3
1049,main,75850
1050,mentioned,75813.6
1051,servant,75473.4
1052,pride,75429.9
1053,crowd,75422
1054,train,75404.6
1055,wonderful,75347.6
1056,moral,75253.5
1057,instant,75209.9
1058,associated,75153
1059,path,75150.6
1060,greek,75128.5
1061,meaning,74981.3
1062,fit,74906.9
1063,ordered,74834.2
1064,lot,74745.6
1065,he's,74505
1066,proved,74438.6
1067,obliged,74413.3
1068,enter,74391.9
1069,rule,74378.5
1070,sword,74342.9
1071,attack,74293
1072,seat,74266.1
1073,game,74220.2
1074,health,74210.7
1075,paragraph,74195.7
1076,statement,74053.3
1077,social,74035.9
1078,refund,73914.1
1079,sorry,73906.2
1080,courage,73882.4
1081,members,73833.4
1082,grace,73826.3
1083,official,73755.1
1084,dream,73726.6
1085,worthy,73622.1
1086,rock,73581.8
1087,jack,73527.2
1088,provided,73443.3
1089,special,73437.8
1090,shook,73338.9
1091,request,73327.8
1092,mighty,73313.6
1093,glance,73302.5
1094,heads,73281.2
1095,movement,73266.9
1096,fee,73232.9
1097,share,73182.3
1098,expect,73178.3
1099,couldn't,73076.3
1100,dollars,72925.9
1101,spread,72890.3
1102,opposite,72815.2
1103,glory,72644.3
1104,twelve,72570.7
1105,space,72550.2
1106,engaged,72545.4
1107,peter,72509
1108,wine,72450.5
1109,ordinary,72404.6
1110,mountains,72333.4
1111,taste,72268.5
1112,iron,72252.7
1113,isn't,72166.5
1114,distribute,72160.9
1115,trade,72098.4
1116,consider,72033.5
1117,greatly,71894.3
1118,accepted,71888
1119,forced,71884.8
1120,advantage,71878.5
1121,ideas,71849.2
1122,decided,71766.1
1123,using,71751.9
1124,officer,71744
1125,rate,71688.6
1126,clothes,71654.6
1127,sign,71582.6
1128,feelings,71558.9
1129,native,71399.1
1130,promised,71195.7
1131,judge,71190.2
1132,difference,71072.3
1133,working,71042.3
1134,anxious,71040.7
1135,marry,70948.9
1136,captain,70861.9
1137,finished,70763.8
1138,extent,70649.8
1139,watched,70643.5
1140,curious,70641.1
1141,foreign,70609.5
1142,besides,70524.9
1143,method,70513
1144,excellent,70452.9
1145,confidence,70414.1
1146,marked,70264.6
1147,'em,70256.7
1148,jesus,70228.2
1149,exactly,70213.1
1150,importance,70066.8
1151,finally,70018.5
1152,bill,69973.4
1153,vast,69861.1
1154,prove,69854
1155,fancy,69771.7
1156,quick,69761.4
1157,yes,69731.3
1158,sought,69666.5
1159,prevent,69664.1
1160,neck,69634.8
1161,hearts,69628.5
1162,liberty,69603.2
1163,interesting,69601.6
1164,sides,69594.5
1165,legal,69532.8
1166,gentlemen,69507.5
1167,dry,69442.6
1168,serve,69414.9
1169,aside,69368.2
1170,pure,69287.5
1171,concerning,69279.6
1172,forgotten,69212.4
1173,lose,69115.8
1174,powers,69073.1
1175,possessed,68995.6
1176,thrown,68931.5
1177,evidence,68904.6
1178,distant,68882.5
1179,Michael,68874.5
1180,progress,68830.2
1181,similar,68603.2
1182,narrow,68505.9
1183,altogether,68471.9
1184,building,68394.3
1185,page,68234.5
1186,particularly,68193.4
1187,knowing,68050.2
1188,weeks,67942.6
1189,settled,67880.1
1190,holding,67815.2
1191,mountain,67762.2
1192,search,67660.2
1193,sad,67596.1
1194,sin,67589.7
1195,lies,67551
1196,proud,67492.4
1197,pieces,67423.6
1198,clearly,67318.4
1199,price,67277.2
1200,ships,67259
1201,thirty,67229
1202,sick,67152.2
1203,honest,67088.2
1204,shut,67063.6
1205,talked,66998
1206,bank,66981.4
1207,fate,66946.5
1208,dropped,66940.2
1209,judgment,66827.9
1210,conditions,66803.4
1211,king's,66590.5
1212,accept,66498.8
1213,hills,66475.8
1214,removed,66429.1
1215,forest,66263
1216,measure,66262.2
1217,species,66220.3
1218,seek,66141.2
1219,highest,66066
1220,otherwise,66054.9
1221,stream,66003.5
1222,honor,65994
1223,carefully,65960
1224,obtained,65884.1
1225,ear,65819.2
1226,bread,65708.4
1227,bottom,65645.1
1228,additional,65640.4
1229,presented,65615.9
1230,aid,65581.1
1231,fingers,65564.4
1232,q,65556.5
1233,remembered,65554.2
1234,choose,65396.7
1235,agreed,65284.4
1236,animal,65255.1
1237,events,65118.2
1238,there's,65017.8
1239,fully,64982.2
1240,delight,64971.9
1241,rights,64836.6
1242,amount,64720.3
1243,obtain,64706.1
1244,tax,64658.6
1245,servants,64642
1246,sons,64592.9
1247,cross,64403.8
1248,shoulders,64397.5
1249,thick,64364.3
1250,points,64311.3
1251,stranger,64270.9
1252,woods,64227.4
1253,facts,64155.4
1254,dare,64055
1255,grow,64005.1
1256,creature,63988.5
1257,hung,63988.5
1258,rain,63905.4
1259,FALSE,63861.1
1260,tall,63854.8
1261,gate,63851.6
1262,nations,63793.9
1263,created,63774.9
1264,refused,63774.9
1265,quietly,63767.8
1266,surface,63717.1
1267,freely,63711.6
1268,holy,63709.2
1269,streets,63695
1270,blow,63577.9
1271,july,63558.1
1272,regarded,63536
1273,fashion,63526.5
1274,report,63492.5
1275,coast,63479.8
1276,daily,63422.8
1277,file,63420.5
1278,shoulder,63340.6
1279,surprised,63312.9
1280,faces,63252.7
1281,succeeded,63179.2
1282,birds,63162.6
1283,distribution,63155.4
1284,royal,63124.6
1285,song,63090.6
1286,wealth,63067.6
1287,comfort,63064.5
1288,failed,63013
1289,freedom,62979.8
1290,peculiar,62951.3
1291,anyone,62941.8
1292,advance,62895.1
1293,gentle,62856.4
1294,surely,62831.1
1295,animals,62815.2
1296,waited,62808.1
1297,secure,62770.9
1298,desired,62740.1
1299,grass,62726.6
1300,touched,62649.9
1301,occupied,62645.1
1302,draw,62587.4
1303,stage,62536
1304,portion,62479.8
1305,expressed,62460
1306,opening,62316
1307,june,62288.3
1308,spirits,62147.5
1309,fish,62138
1310,tongue,62119.8
1311,capital,62114.3
1312,angry,61966.4
1313,growing,61954.5
1314,served,61954.5
1315,carriage,61920.5
1316,weather,61892.8
1317,breast,61786
1318,presently,61503.5
1319,snow,61384.9
1320,David,61377.8
1321,papers,61338.2
1322,necessity,61325.5
1323,practice,61313.7
1324,claim,61248
1325,hast,61220.3
1326,education,61160.2
1327,sharp,61096.9
1328,prince,60998.8
1329,permitted,60987.7
1330,group,60983
1331,enemies,60982.2
1332,robert,60967.2
1333,played,60926
1334,throughout,60896.7
1335,pity,60858
1336,expense,60836.6
1337,yours,60770.2
1338,million,60752.8
1339,add,60647.5
1340,pray,60553.4
1341,taught,60553.4
1342,explained,60525.7
1343,tired,60525.7
1344,leading,60475.9
1345,kill,60435.5
1346,shadow,60402.3
1347,companion,60384.9
1348,weight,60339.8
1349,mass,60298.6
1350,established,60226.7
1351,suffered,60210
1352,gray,60200.5
1353,brave,60085
1354,thin,60068.4
1355,satisfied,60044.7
1356,check,60002
1357,virtue,59979
1358,golden,59969.5
1359,numerous,59925.2
1360,frequently,59873.8
1361,famous,59843
1362,telling,59831.9
1363,powerful,59634.9
1364,alive,59632.5
1365,waters,59569.2
1366,national,59565.3
1367,weak,59510.7
1368,divine,59479.8
1369,material,59413.4
1370,principal,59406.2
1371,gathered,59324.8
1372,suggested,59261.5
1373,frank,59180.8
1374,valley,59172.1
1375,guess,59171.3
1376,finding,59160.2
1377,yellow,59051.8
1378,heat,58979.8
1379,remains,58941.1
1380,bent,58939.5
1381,seized,58899.1
1382,guard,58892.8
1383,equally,58840.6
1384,naturally,58811.3
1385,box,58805.8
1386,remarkable,58805.8
1387,gods,58789.2
1388,moon,58760.7
1389,slight,58710.8
1390,style,58699.8
1391,pointed,58669.7
1392,saved,58632.5
1393,windows,58556.6
1394,crossed,58551.8
1395,louis,58498.8
1396,pounds,58458.5
1397,ain't,58451.3
1398,evidently,58378.6
1399,principle,58369.9
1400,immediate,58268.6
1401,willing,58218
1402,consequence,58195.8
1403,richard,58188.7
1404,principles,58148.3
1405,characters,58140.4
1406,paul,58106.4
1407,season,58088.2
1408,remarked,58020.2
1409,science,57960.1
1410,tender,57959.3
1411,worked,57946.6
1412,grown,57772.6
1413,whispered,57721.1
1414,interested,57714.8
1415,quarter,57661
1416,midst,57518.6
1417,liked,57509.9
1418,advanced,57495.7
1419,apparently,57471.1
1420,bore,57458.5
1421,pwh,57456.9
1422,active,57449
1423,noticed,57389.6
1424,aware,57388.9
1425,thomas,57341.4
1426,uncle,57326.4
1427,list,57295.5
1428,dangerous,57292.3
1429,august,57283.6
1430,calm,57251.2
1431,genius,57225.1
1432,sacred,57211.6
1433,kingdom,57199
1434,entire,57187.9
1435,popular,57115.1
1436,unknown,57040.8
1437,nice,57038.4
1438,habit,57035.2
1439,spanish,56981.4
1440,familiar,56835.1
1441,reader,56832.7
1442,published,56807.4
1443,direct,56755.2
1444,handsome,56748.8
1445,you'll,56740.1
1446,joined,56737
1447,actually,56699
1448,kings,56630.2
1449,sd,56603.3
1450,posted,56561.3
1451,approach,56555.8
1452,Washington,56527.3
1453,hearing,56509.9
1454,needed,56455.3
1455,increased,56113.5
1456,walking,56094.6
1457,twice,55893.6
1458,throw,55850.1
1459,intellectual,55849.3
1460,appointed,55847.7
1461,wisdom,55827.2
1462,ceased,55810.5
1463,truly,55776.5
1464,numbers,55771.8
1465,demanded,55718
1466,priest,55667.3
1467,wounded,55666.6
1468,sorrow,55657.1
1469,drive,55626.2
1470,fault,55610.4
1471,listened,55604.1
1472,palace,55599.3
1473,affair,55588.2
1474,contact,55576.4
1475,distinguished,55568.5
1476,station,55551
1477,beat,55452.9
1478,distributed,55431.6
1479,e,55405.5
1480,listen,55400.7
1481,Italy,55327.9
1482,fool,55324
1483,becomes,55307.4
1484,watching,55264.7
1485,hurt,55227.5
1486,wants,55209.3
1487,express,55193.5
1488,occurred,55186.3
1489,favour,55161.8
1490,height,55161.8
1491,size,55123
1492,edge,55074.8
1493,subjects,55021.8
1494,task,54999.6
1495,follows,54945.8
1496,interests,54938.7
1497,nine,54922.9
1498,sympathy,54921.3
1499,burst,54920.5
1500,putting,54835.9
1501,dressed,54816.9
1502,lifted,54796.3
1503,hopes,54772.6
1504,suffer,54764.7
1505,noise,54731.4
1506,smiling,54720.4
1507,rode,54627.8
1508,tells,54559
1509,minds,54524.9
1510,farther,54471.1
1511,literature,54426.1
1512,vessel,54407.9
1513,affection,54381
1514,suffering,54363.6
1515,proceeded,54343.8
1516,flesh,54333.5
1517,advice,54172.9
1518,grand,54172.9
1519,carrying,54168.9
1520,legs,54149.2
1521,Spain,54147.6
1522,post,54054.2
1523,collection,54031.3
1524,empty,54020.2
1525,rank,54009.9
1526,storm,54009.1
1527,god's,53975.9
1528,imagine,53930.8
1529,wore,53915
1530,duties,53904.7
1531,admitted,53846.2
1532,countries,53834.3
1533,pocket,53783.7
1534,arrival,53776.5
1535,imagination,53768.6
1536,driven,53753.6
1537,loud,53742.5
1538,sentence,53699
1539,lovely,53673.7
1540,extraordinary,53589
1541,November,53551.8
1542,December,53541.6
1543,happen,53527.3
1544,absence,53502.8
1545,breakfast,53488.6
1546,population,53423.7
1547,thank,53413.4
1548,rules,53386.5
1549,inhabitants,53168.1
1550,series,53157.9
1551,laughing,53113.6
1552,address,53096.2
1553,relief,53061.3
1554,bird,52958.5
1555,owner,52920.5
1556,impression,52901.5
1557,satisfaction,52896.8
1558,coat,52869.9
1559,prepare,52846.2
1560,relations,52841.4
1561,shape,52710.9
1562,birth,52703
1563,rapidly,52677.6
1564,smoke,52676.9
1565,January,52657.1
1566,mother+'s,52657.1
1567,machine,52618.3
1568,content,52615.1
1569,consideration,52606.4
1570,accompanied,52581.1
1571,regular,52519.4
1572,moving,52512.3
1573,stands,52512.3
1574,wholly,52482.2
1575,teeth,52449
1576,busy,52407.1
1577,treated,52378.6
1578,burning,52322.4
1579,shame,52312.9
1580,quality,52292.4
1581,bay,52212.5
1582,discover,52201.4
1583,inside,52123.1
1584,brain,52105.7
1585,soil,52100.9
1586,completely,52050.3
1587,message,52049.5
1588,ring,52000.4
1589,resolved,51981.4
1590,calling,51950.6
1591,phrase,51940.3
1592,acts,51907.1
1593,mention,51888.9
1594,square,51832.7
1595,pair,51818.5
1596,won,51798.7
1597,title,51777.3
1598,understanding,51713.3
1599,Sunday,51687.9
1600,fruit,51674.5
1601,mad,51668.9
1602,forces,51593.8
1603,included,51591.4
1604,tea,51547.1
1605,rocks,51540
1606,nearer,51456.1
1607,slaves,51427.7
1608,falling,51396
1609,absolutely,51394.4
1610,slow,51380.2
1611,bearing,51315.3
1612,mercy,51306.6
1613,larger,51297.9
1614,explain,51285.2
1615,contain,51210.9
1616,grief,51205.3
1617,soldier,51200.6
1618,wasn't,51135.7
1619,countenance,51077.2
1620,previous,51055.8
1621,explanation,51050.3
1622,welcome,51009.1
1623,proposed,51006.8
1624,prayer,50987.8
1625,stars,50977.5
1626,Germany,50905.5
1627,belief,50725.9
1628,informed,50691.1
1629,moments,50676.1
1630,poetry,50673.7
1631,constant,50650.8
1632,buy,50619.9
1633,final,50604.9
1634,faithful,50587.5
1635,ride,50551.9
1636,policy,50464.8
1637,supper,50460.9
1638,drawing,50447.4
1639,excitement,50435.6
1640,dying,50335.1
1641,demand,50257.6
1642,fighting,50245.7
1643,fields,50201.4
1644,drove,50184.8
1645,upper,50168.2
1646,sum,50041.6
1647,Philip,49999.7
1648,motion,49955.4
1649,assistance,49929.2
1650,forty,49903.1
1651,April,49899.2
1652,stones,49887.3
1653,Edward,49840.6
1654,fees,49820.1
1655,kindly,49809.8
1656,dignity,49803.5
1657,catch,49718.8
1658,October,49715.6
1659,seated,49654.7
1660,knees,49642.1
1661,amongst,49628.6
1662,current,49580.4
1663,sending,49578.8
1664,parties,49574
1665,objects,49571.7
1666,gained,49550.3
1667,bitter,49544.8
1668,possibly,49520.2
1669,slave,49489.4
1670,separate,49480.7
1671,loose,49427.7
1672,text,49423.7
1673,receiving,49391.3
1674,worst,49369.1
1675,sold,49339.1
1676,don,49305
1677,credit,49262.3
1678,chosen,49225.9
1679,hoped,49174.5
1680,printed,49171.3
1681,terror,49161.1
1682,features,49124.7
1683,fond,49101.7
1684,control,49074
1685,capable,49070.1
1686,fifteen,49002.8
1687,doesn't,48968
1688,firm,48962.5
1689,superior,48948.2
1690,cruel,48839.1
1691,spiritual,48809.8
1692,Harry,48809
1693,splendid,48752
1694,proof,48702.2
1695,pressed,48635.7
1696,sooner,48619.1
1697,join,48614.4
1698,process,48561.4
1699,crime,48528.9
1700,dust,48502.8
1701,instantly,48494.9
1702,lands,48475.9
1703,relation,48472.8
1704,doors,48413.4
1705,concerned,48411.1
1706,deeply,48404.7
1707,practical,48402.4
1708,colour,48371.5
1709,sing,48331.2
1710,destroy,48261.5
1711,anger,48238.6
1712,distributing,48223.6
1713,results,48202.2
1714,increase,48197.5
1715,reasons,48062.2
1716,nose,48059.8
1717,friendly,48021
1718,entrance,47983.8
1719,rooms,47962.5
1720,admit,47956.2
1721,supply,47924.5
1722,clean,47921.3
1723,useful,47849.4
1724,yesterday,47824
1725,delicate,47818.5
1726,fail,47778.1
1727,continue,47737.8
1728,remove,47699
1729,addressed,47673.7
1730,choice,47671.3
1731,huge,47619.9
1732,needs,47619.1
1733,wear,47608.8
1734,blind,47599.4
1735,unable,47589.1
1736,cover,47574
1737,double,47550.3
1738,victory,47530.5
1739,dozen,47519.4
1740,constantly,47490.2
1741,level,47487.8
1742,India,47392.1
1743,release,47389.7
1744,rough,47332.7
1745,ended,47325.6
1746,shows,47324
1747,fly,47316.9
1748,praise,47267.9
1749,devil,47254.4
1750,ahead,47194.3
1751,smith,47190.3
1752,connected,47128.6
1753,degrees,47110.4
1754,gain,47094.6
1755,addition,47084.3
1756,committed,47063
1757,chamber,47055.8
1758,notes,47051.9
1759,Italian,47021.8
1760,gradually,46902.4
1761,acquaintance,46877.8
1762,bought,46854.1
1763,souls,46847
1764,mission,46837.5
1765,sacrifice,46810.6
1766,cities,46797.1
1767,mistake,46768.7
1768,exercise,46752
1769,conscience,46747.3
1770,based,46717.2
1771,car,46691.1
1772,buried,46646.8
1773,theory,46621.5
1774,commanded,46561.4
1775,nobody,46560.6
1776,minister,46464.9
1777,closely,46446.7
1778,energy,46407.9
1779,dick,46399.2
1780,bare,46386.5
1781,fought,46382.6
1782,partly,46369.9
1783,mistress,46298.7
1784,hate,46287.7
1785,arose,46271
1786,playing,46253.6
1787,color,46252.1
1788,lake,46240.2
1789,safety,46193.5
1790,provisions,46145.2
1791,description,46112
1792,asleep,46108.9
1793,centre,46093.8
1794,faint,46085.1
1795,thinks,46053.5
1796,parents,46044.8
1797,escaped,46024.2
1798,careful,45995.7
1799,enjoy,45987.8
1800,drop,45918.2
1801,brilliant,45799.5
1802,brief,45788.4
1803,bringing,45758.4
1804,worship,45744.1
1805,goods,45735.4
1806,tale,45733.1
1807,skin,45696.7
1808,roof,45695.9
1809,grey,45689.6
1810,highly,45680.1
1811,crown,45638.1
1812,castle,45581.2
1813,excited,45567.7
1814,throne,45558.2
1815,stated,45524.2
1816,despair,45463.3
1817,ease,45457.8
1818,attached,45447.5
1819,total,45438.8
1820,kindness,45424.5
1821,mile,45375.5
1822,citizens,45309.8
1823,circle,45281.3
1824,dull,45281.3
1825,extreme,45269.5
1826,clouds,45264.7
1827,figures,45251.3
1828,intention,45248.1
1829,prison,45241
1830,term,45215.7
1831,assured,45181.6
1832,hidden,45123.9
1833,thoroughly,45123.1
1834,cup,45107.3
1835,member,45100.2
1836,civil,44958.5
1837,apply,44943.5
1838,labor,44925.3
1839,everywhere,44877.1
1840,intelligence,44856.5
1841,strike,44825.6
1842,fairly,44822.5
1843,comply,44817.7
1844,fellows,44813
1845,haven't,44742.6
1846,event,44675.3
1847,gently,44659.5
1848,connection,44629.4
1849,protection,44625.5
1850,conscious,44568.5
1851,edition,44551.1
1852,directed,44487
1853,pulled,44473.6
1854,flight,44454.6
1855,evident,44453.8
1856,surrounded,44441.1
1857,wishes,44411.9
1858,yards,44411.9
1859,voices,44401.6
1860,weary,44397.6
1861,couple,44368.4
1862,variety,44354.1
1863,whilst,44316.1
1864,volume,44293.2
1865,details,44279
1866,older,44260
1867,requirements,44256
1868,custom,44253.6
1869,apart,44248.1
1870,bow,44208.5
1871,awful,44175.3
1872,everybody,44135.8
1873,labour,44127.9
1874,asking,44097.8
1875,lover,44066.9
1876,showing,44052.7
1877,introduced,44021.8
1878,suit,43998.9
1879,becoming,43985.4
1880,composed,43982.3
1881,plans,43978.3
1882,rendered,43966.5
1883,pictures,43960.1
1884,lest,43949.8
1885,volunteers,43949.8
1886,singing,43942.7
1887,eager,43919
1888,precious,43892.9
1889,paused,43885
1890,require,43847
1891,meat,43838.3
1892,whenever,43837.5
1893,milk,43784.5
1894,dogs,43682.4
1895,successful,43611.2
1896,plants,43609.7
1897,vision,43605.7
1898,rare,43603.3
1899,granted,43561.4
1900,raise,43533.7
1901,Egypt,43529.8
1902,manners,43503.6
1903,cousin,43494.9
1904,you've,43454.6
1905,development,43431.7
1906,Arthur,43405.5
1907,obs,43402.4
1908,cool,43305.1
1909,trial,43233.9
1910,learning,43177.7
1911,approached,43176.9
1912,bridge,43143.7
1913,abroad,43081.2
1914,devoted,43071.7
1915,paying,43055.9
1916,literary,43044
1917,writer,42938
1918,fn,42935.6
1919,Israel,42903.2
1920,disappeared,42899.2
1921,interrupted,42888.9
1922,stock,42862.8
1923,readers,42829.6
1924,dreadful,42801.9
1925,female,42767.9
1926,protect,42699.1
1927,accustomed,42696.7
1928,Virginia,42695.1
1929,type,42657.9
1930,recognized,42656.3
1931,salt,42649.2
1932,destroyed,42641.3
1933,signs,42635
1934,innocent,42613.6
1935,temper,42601.8
1936,plenty,42597
1937,pope,42596.2
1938,avoid,42559
1939,hurried,42480.7
1940,represented,42461.7
1941,favor,42434.8
1942,mental,42347
1943,attitude,42329.6
1944,returning,42271.9
1945,admiration,42255.2
1946,brothers,42245
1947,anxiety,42233.9
1948,queen,42223.6
1949,teach,42216.5
1950,count,42207.8
1951,curiosity,42203.8
1952,solemn,42188.8
1953,causes,42152.4
1954,vessels,42102.5
1955,compelled,42082
1956,dance,42075.7
1957,hotel,42072.5
1958,wicked,42017.9
1959,fled,41992.6
1960,kissed,41987
1961,guns,41921.4
1962,fill,41911.9
1963,visible,41884.2
1964,younger,41825.7
1965,guide,41750.5
1966,earnest,41745.7
1967,actual,41729.1
1968,companions,41728.3
1969,prisoner,41725.2
1970,miserable,41704.6
1971,lad,41692
1972,harm,41617.6
1973,views,41499.7
1974,Irish,41490.2
1975,utterly,41479.9
1976,ends,41431.7
1977,shop,41349.4
1978,stairs,41339.1
1979,pardon,41335.1
1980,gay,41319.3
1981,beg,41312.2
1982,seldom,41303.5
1983,kinds,41287.7
1984,record,41281.4
1985,fat,41278.2
1986,sand,41232.3
1987,violent,41203.8
1988,branches,41195.1
1989,inquired,41185.6
1990,IV,41152.4
1991,September,41145.3
1992,worn,41117.6
1993,Ireland,41105.7
1994,flat,41104.1
1995,departure,41101
1996,delivered,41099.4
1997,gift,41080.4
1998,ruin,41073.3
1999,skill,41029.8
2000,cattle,40983.1
Rank,Word,Count (per billion)
2001,equipment,40935.6
2002,temple,40926.1
2003,calls,40860.5
2004,earlier,40843.1
2005,license,40827.2
2006,visited,40818.5
2007,en,40812.2
2008,consent,40810.6
2009,sufficiently,40787.7
2010,natives,40772.7
2011,wound,40752.1
2012,laughter,40713.3
2013,contained,40691.2
2014,perceived,40691.2
2015,scattered,40669.8
2016,whence,40661.1
2017,rushed,40657.9
2018,chiefly,40639
2019,bold,40614.4
2020,anywhere,40597
2021,witness,40545.6
2022,foolish,40523.4
2023,helped,40487.8
2024,kitchen,40483.9
2025,sell,40483.9
2026,anybody,40479.1
2027,self,40477.6
2028,extremely,40476
2029,treatment,40449.1
2030,throat,40414.3
2031,dreams,40383.4
2032,patient,40380.2
2033,speed,40372.3
2034,growth,40351
2035,quantity,40347.8
2036,Latin,40314.6
2037,immense,40278.2
2038,conclusion,40262.4
2039,computer,40222
2040,affected,40214.1
2041,severe,40200.7
2042,excuse,40180.9
2043,triumph,40169.8
2044,origin,40165.1
2045,Joseph,40161.1
2046,slept,40160.3
2047,eternal,40157.1
2048,thine,40157.1
2049,audience,40127.9
2050,pages,40117.6
2051,sounds,40089.1
2052,swift,40080.4
2053,limited,40060.6
2054,wings,40014
2055,stepped,39957
2056,services,39933.3
2057,library,39915.9
2058,remaining,39911.9
2059,containing,39908.7
2060,base,39900.8
2061,confusion,39871.6
2062,win,39858.9
2063,maid,39847.8
2064,charming,39846.2
2065,editions,39843.1
2066,attended,39842.3
2067,softly,39831.2
2068,reality,39813
2069,performed,39808.3
2070,glorious,39774.2
2071,likewise,39757.6
2072,site,39722.8
2073,sail,39713.3
2074,frightened,39697.5
2075,acquainted,39660.3
2076,unhappy,39660.3
2077,feared,39591.5
2078,article,39586.7
2079,prisoners,39576.5
2080,store,39566.2
2081,adopted,39561.4
2082,shalt,39534.5
2083,remark,39519.5
2084,cook,39479.1
2085,thousands,39463.3
2086,pause,39426.1
2087,inclined,39411.1
2088,convinced,39401.6
2089,band,39397.7
2090,valuable,39324.1
2091,hence,39316.2
2092,desert,39278.2
2093,effects,39257.6
2094,kiss,39251.3
2095,plant,39201.5
2096,ice,39198.3
2097,ball,39180.9
2098,stick,39108.1
2099,absolute,39093.1
2100,readily,39085.2
2101,behold,39051.1
2102,fierce,39048
2103,argument,38991
2104,observe,38990.2
2105,blessed,38967.3
2106,bosom,38956.2
2107,rage,38949.1
2108,striking,38941.2
2109,discovery,38883.4
2110,creatures,38875.5
2111,shouted,38859.7
2112,guilty,38836.7
2113,related,38810.6
2114,setting,38686.4
2115,forgot,38668.2
2116,punishment,38650.8
2117,gun,38632.6
2118,slightly,38629.5
2119,articles,38575.7
2120,police,38557.5
2121,mysterious,38550.4
2122,extended,38536.1
2123,confess,38535.3
2124,shade,38527.4
2125,murder,38525
2126,emotion,38510
2127,destruction,38505.3
2128,wondered,38474.4
2129,increasing,38463.3
2130,hide,38423.8
2131,expedition,38402.4
2132,horror,38361.3
2133,local,38355.7
2134,expenses,38353.4
2135,ignorant,38321.7
2136,doctrine,38303.5
2137,generous,38301.1
2138,range,38284.5
2139,host,38240.2
2140,wet,38201.5
2141,cloud,38187.2
2142,mystery,38185.6
2143,Ed,38165.9
2144,waste,38164.3
2145,changes,38156.4
2146,possess,38151.6
2147,consciousness,38142.1
2148,February,38131.1
2149,trembling,38110.5
2150,disease,38039.3
2151,formerly,38037.7
2152,spend,38033.7
2153,production,38021.1
2154,source,38004.5
2155,mankind,37996.6
2156,universal,37991.8
2157,deck,37965.7
2158,sees,37923
2159,habits,37913.5
2160,estate,37878.7
2161,aunt,37832.8
2162,reign,37816.2
2163,humble,37795.6
2164,compliance,37787.7
2165,delay,37771.1
2166,shining,37764
2167,reported,37740.2
2168,hers,37736.3
2169,unfortunate,37731.5
2170,midnight,37703.8
2171,listening,37700.7
2172,flower,37688.8
2173,hero,37673.8
2174,accomplished,37666.7
2175,doth,37665.1
2176,classes,37658.7
2177,thanks,37642.1
2178,banks,37623.1
2179,philosophy,37611.3
2180,belong,37593.9
2181,finger,37580.4
2182,comfortable,37542.5
2183,market,37529
2184,cap,37514.8
2185,waves,37462.5
2186,woman's,37437.2
2187,glanced,37392.9
2188,troubled,37376.3
2189,difficulties,37338.3
2190,picked,37330.4
2191,European,37324.9
2192,purposes,37314.6
2193,somewhere,37273.5
2194,delighted,37264
2195,pushed,37259.2
2196,press,37241.8
2197,household,37219.7
2198,fleet,37214.9
2199,baby,37208.6
2200,region,37161.9
2201,lately,37158.7
2202,uttered,37142.1
2203,exact,37133.4
2204,image,37131.9
2205,ages,37127.1
2206,murmured,37113.7
2207,melancholy,37112.9
2208,suspicion,37107.3
2209,bowed,37089.9
2210,refuse,37051.9
2211,Elizabeth,37040.9
2212,staff,37036.1
2213,liability,37032.2
2214,we'll,37019.5
2215,enjoyed,36985.5
2216,stretched,36973.6
2217,gaze,36916.7
2218,belonged,36888.2
2219,ashamed,36880.3
2220,reward,36873.2
2221,meal,36778.2
2222,blame,36775
2223,nodded,36767.1
2224,status,36747.4
2225,opinions,36725.2
2226,indicate,36699.1
2227,poem,36654
2228,savage,36642.9
2229,arise,36635
2230,voyage,36628.7
2231,misery,36563.8
2232,guests,36562.2
2233,painted,36515.6
2234,attend,36513.2
2235,afford,36482.3
2236,donate,36471.3
2237,job,36450.7
2238,proceed,36439.6
2239,loves,36414.3
2240,forehead,36382.6
2241,regret,36381.9
2242,plainly,36355.7
2243,risk,36336.8
2244,ad,36312.2
2245,lighted,36312.2
2246,angel,36288.5
2247,rapid,36285.3
2248,distinct,36267.9
2249,doubtless,36256.1
2250,properly,36256.1
2251,wit,36238.7
2252,fame,36237.9
2253,singular,36221.3
2254,error,36182.5
2255,utmost,36158
2256,methods,36155.6
2257,reputation,36155.6
2258,appeal,36123.2
2259,she's,36120.8
2260,w,36088.3
2261,strongly,36080.4
2262,Margaret,36006.9
2263,lack,35996.6
2264,breaking,35977.6
2265,dawn,35959.4
2266,violence,35957.8
2267,fatal,35917.5
2268,render,35896.1
2269,career,35881.1
2270,design,35854.2
2271,displayed,35848.6
2272,gets,35843.1
2273,commercial,35830.4
2274,forgive,35809.9
2275,lights,35807.5
2276,agreeable,35805.1
2277,suggestion,35777.4
2278,utter,35777.4
2279,sheep,35725.2
2280,resolution,35703.9
2281,spare,35671.4
2282,patience,35631.9
2283,domestic,35618.4
2284,concluded,35542.5
2285,'tis,35536.9
2286,farm,35520.3
2287,reference,35509.2
2288,Chinese,35506.1
2289,exist,35494.2
2290,corn,35491.8
2291,approaching,35449.1
2292,alike,35448.3
2293,mounted,35384.2
2294,Jane,35352.6
2295,issue,35310.7
2296,key,35281.4
2297,providing,35281.4
2298,majority,35276.6
2299,measures,35270.3
2300,towns,35240.2
2301,flame,35233.1
2302,Boston,35180.9
2303,dared,35177.7
2304,ignorance,35152.4
2305,reduced,35122.4
2306,occasionally,35100.2
2307,y,35094.7
2308,weakness,35090.7
2309,furnished,35089.1
2310,china,35058.3
2311,priests,35025.1
2312,flying,34986.3
2313,cloth,34966.5
2314,gazed,34953.9
2315,profit,34932.5
2316,fourth,34923.8
2317,bell,34920.6
2318,hitherto,34911.1
2319,benefit,34854.2
2320,movements,34847.1
2321,eagerly,34842.3
2322,acted,34841.5
2323,urged,34841.5
2324,ascii,34791.7
2325,disposed,34790.9
2326,electronically,34761.6
2327,atmosphere,34748.2
2328,chapter,34699.9
2329,begged,34626.3
2330,Helen,34619.2
2331,hole,34616.8
2332,invited,34593.1
2333,borne,34548.8
2334,departed,34546.4
2335,catholic,34522.7
2336,files,34514
2337,reasonable,34512.4
2338,sugar,34501.3
2339,replacement,34483.9
2340,sigh,34454.7
2341,humanity,34419.1
2342,thrust,34395.3
2343,frame,34362.9
2344,opposition,34350.2
2345,disk,34347.1
2346,haste,34328.9
2347,lonely,34328.1
2348,artist,34290.1
2349,knight,34282.2
2350,quarters,34277.4
2351,charm,34223.6
2352,substance,34163.5
2353,rolled,34154
2354,email,34145.3
2355,flung,34144.5
2356,celebrated,34143.7
2357,division,34136.6
2358,slavery,34114.5
2359,verse,34107.3
2360,decision,34067.8
2361,probable,34063.8
2362,painful,34042.5
2363,governor,34023.5
2364,forever,33999.7
2365,turns,33988.7
2366,branch,33961
2367,ocean,33958.6
2368,rear,33947.5
2369,leader,33937.2
2370,delightful,33915.1
2371,stared,33876.3
2372,boats,33808.3
2373,keen,33788.5
2374,disposition,33779.8
2375,senses,33722.1
2376,occasions,33700.7
2377,readable,33692.8
2378,beloved,33687.3
2379,inches,33684.1
2380,bones,33679.3
2381,enthusiasm,33648.5
2382,materials,33589.9
2383,luck,33588.4
2384,derived,33575.7
2385,managed,33479.2
2386,community,33464.9
2387,apparent,33464.2
2388,preserved,33454.7
2389,magnificent,33434.9
2390,hurry,33396.1
2391,scheme,33393.7
2392,oil,33392.2
2393,thence,33382.7
2394,reaching,33374.8
2395,dim,33362.1
2396,wretched,33290.1
2397,hanging,33275.9
2398,pipe,33218.1
2399,useless,33215.7
2400,nevertheless,33203.1
2401,print,33203.1
2402,smooth,33167.5
2403,solid,33148.5
2404,pursued,33135
2405,necessarily,33108.1
2406,build,33084.4
2407,attempted,33080.5
2408,centuries,33059.9
2409,eggs,33059.9
2410,equivalent,33033.8
2411,hastily,33032.2
2412,burned,33008.5
2413,you'd,33008.5
2414,recent,33000.5
2415,oh,32957
2416,travel,32951.5
2417,cries,32925.4
2418,noon,32919.9
2419,crying,32901.7
2420,generations,32858.9
2421,located,32835.2
2422,cabin,32809.1
2423,announcement,32782.2
2424,Britain,32752.9
2425,compared,32731.6
2426,handed,32720.5
2427,cease,32714.2
2428,smaller,32668.3
2429,circumstance,32666.7
2430,tent,32665.1
2431,frequent,32616.8
2432,alarm,32602.6
2433,nervous,32602.6
2434,beast,32586.8
2435,what's,32580.5
2436,aloud,32565.4
2437,independent,32519.5
2438,gates,32509.3
2439,distinction,32502.9
2440,essential,32487.9
2441,observation,32472.9
2442,stronger,32455.5
2443,recovered,32450.7
2444,belonging,32404.8
2445,loving,32402.4
2446,masters,32388.2
2447,writers,32341.5
2448,cf.,32326.5
2449,permanent,32324.9
2450,mortal,32284.6
2451,stern,32284.6
2452,gratitude,32278.2
2453,preserve,32248.2
2454,burden,32242.6
2455,aspect,32240.3
2456,millions,32199.1
2457,merry,32182.5
2458,knife,32177.8
2459,dread,32133.5
2460,clever,32114.5
2461,applicable,32052
2462,district,32050.4
2463,shadows,32038.5
2464,Jim,32031.4
2465,silk,32029.8
2466,failure,32022.7
2467,links,32009.3
2468,cent,31995
2469,sentiment,31990.3
2470,amid,31980
2471,profits,31968.9
2472,agent,31949.1
2473,finds,31934.9
2474,Russia,31928.6
2475,bade,31920.6
2476,Russian,31857.4
2477,desperate,31847.9
2478,union,31834.4
2479,imagined,31804.4
2480,contempt,31802
2481,raising,31786.2
2482,lords,31775.1
2483,hell,31770.3
2484,separated,31752.1
2485,grant,31743.4
2486,seriously,31736.3
2487,tribes,31726.8
2488,hit,31725.2
2489,enormous,31700.7
2490,defective,31696
2491,conviction,31688.8
2492,secured,31688.8
2493,mixed,31679.4
2494,insisted,31661.2
2495,wooden,31632.7
2496,prefer,31621.6
2497,prayers,31606.6
2498,fever,31586.8
2499,selected,31568.6
2500,daughters,31553.6
2501,treat,31550.4
2502,warning,31522.7
2503,flew,31518
2504,speaks,31489.5
2505,developed,31472.9
2506,impulse,31472.9
2507,slipped,31472.1
2508,ours,31465
2509,Johnson,31408.8
2510,mistaken,31390.6
2511,damages,31382.7
2512,ambition,31356.6
2513,resumed,31351.8
2514,christmas,31347.9
2515,yield,31347.1
2516,ideal,31343.1
2517,schools,31335.2
2518,confirmed,31324.1
2519,descended,31322.5
2520,rush,31290.9
2521,falls,31268
2522,deny,31254.5
2523,calculated,31233.2
2524,correct,31211.8
2525,perform,31210.2
2526,hadn't,31207
2527,somehow,31184.9
2528,accordingly,31181.7
2529,stayed,31165.9
2530,acquired,31144.5
2531,counsel,31135.1
2532,distress,31131.9
2533,sins,31105
2534,notion,31102.6
2535,discussion,31093.9
2536,constitution,31085.2
2537,Anne,31055.9
2538,hundreds,31006.1
2539,instrument,31001.3
2540,firmly,30976
2541,actions,30971.3
2542,steady,30965.7
2543,remarks,30933.3
2544,empire,30925.4
2545,elements,30909.6
2546,idle,30891.4
2547,pen,30885.8
2548,entering,30872.4
2549,online,30872.4
2550,Africa,30843.1
2551,permit,30835.2
2552,th',30812.3
2553,tide,30803.6
2554,vol,30800.4
2555,leaned,30798.8
2556,college,30750.6
2557,maintain,30737.9
2558,sovereign,30706.3
2559,tail,30699.9
2560,generation,30695.2
2561,crowded,30692.8
2562,fears,30679.4
2563,nights,30650.9
2564,limitation,30643.8
2565,tied,30625.6
2566,horrible,30622.4
2567,cat,30600.2
2568,displaying,30545.7
2569,port,30537.7
2570,male,30525.9
2571,experienced,30487.9
2572,opposed,30485.5
2573,treaty,30483.2
2574,contents,30481.6
2575,rested,30450.7
2576,mode,30448.3
2577,poured,30431.7
2578,les,30400.1
2579,occur,30399.3
2580,seeking,30389
2581,practically,30323.3
2582,abandoned,30312.3
2583,reports,30295.7
2584,eleven,30294.1
2585,sank,30292.5
2586,begins,30288.5
2587,founded,30249
2588,brings,30244.2
2589,trace,30238.7
2590,instinct,30233.9
2591,collected,30227.6
2592,Scotland,30202.3
2593,characteristic,30186.5
2594,chose,30184.1
2595,cheerful,30177
2596,tribe,30165.9
2597,costs,30125.6
2598,threatened,30120.8
2599,arrangement,30110.5
2600,western,30106.6
2601,sang,30102.6
2602,beings,30093.1
2603,Sam,30027.5
2604,pressure,30019.6
2605,politics,30010.8
2606,sorts,29999.8
2607,shelter,29992.7
2608,rude,29987.1
2609,scientific,29984
2610,revealed,29965
2611,winds,29930.9
2612,riding,29915.1
2613,scenes,29905.6
2614,shake,29900.9
2615,industry,29891.4
2616,claims,29884.3
2617,pp.,29884.3
2618,merit,29862.9
2619,profession,29855
2620,lamp,29830.5
2621,interview,29817
2622,territory,29813.1
2623,sleeping,29806.7
2624,sex,29802.8
2625,coffee,29791.7
2626,devotion,29791.7
2627,thereof,29758.5
2628,creation,29755.3
2629,trail,29747.4
2630,Romans,29746.6
2631,supported,29741.9
2632,requires,29704.7
2633,fathers,29703.9
2634,prospect,29680.9
2635,obey,29679.4
2636,Alexander,29667.5
2637,shone,29662
2638,operation,29642.2
2639,northern,29598.7
2640,nurse,29567.8
2641,profound,29544.1
2642,hungry,29534.6
2643,Scott,29470.5
2644,sisters,29453.1
2645,assure,29451.5
2646,exceedingly,29445.2
2647,match,29445.2
2648,wrath,29406.4
2649,continually,29405.6
2650,rest.,29404
2651,gifts,29381.1
2652,folly,29369.2
2653,chain,29362.9
2654,uniform,29359
2655,debt,29346.3
2656,teaching,29345.5
2657,venture,29333.6
2658,execution,29331.3
2659,shoes,29324.1
2660,mood,29319.4
2661,crew,29317
2662,perceive,29302
2663,accounts,29288.5
2664,eating,29284.6
2665,multitude,29272.7
2666,declare,29260.1
2667,yard,29253.7
2668,o'er,29218.1
2669,astonishment,29188.1
2670,version,29178.6
2671,vague,29158
2672,odd,29121.6
2673,grateful,29103.4
2674,nearest,29094.7
2675,infinite,29093.9
2676,elsewhere,29086
2677,copying,29053.6
2678,apartment,29045.7
2679,activity,29037
2680,wives,29022.7
2681,parted,29014
2682,security,29002.2
2683,cared,28977.6
2684,sensible,28974.5
2685,owing,28972.1
2686,Martin,28942
2687,Saturday,28923.8
2688,cottage,28919.1
2689,Jews,28880.3
2690,leaning,28852.6
2691,capacity,28840.8
2692,joe,28833.6
2693,settle,28821
2694,referred,28805.2
2695,Francis,28802.8
2696,holder,28802
2697,involved,28795.7
2698,sunshine,28794.1
2699,Dutch,28790.1
2700,council,28741.1
2701,princes,28733.2
2702,ate,28730
2703,examination,28722.1
2704,steel,28720.5
2705,strangers,28717.3
2706,beheld,28689.7
2707,test,28684.1
2708,noted,28678.6
2709,slightest,28678.6
2710,widow,28660.4
2711,charity,28623.2
2712,realized,28608.2
2713,element,28584.4
2714,shed,28565.4
2715,errors,28560.7
2716,communication,28547.2
2717,reflection,28544.9
2718,attacked,28530.6
2719,organization,28527.5
2720,maintained,28505.3
2721,restored,28491.1
2722,folks,28478.4
2723,concealed,28468.1
2724,accordance,28450.7
2725,heavens,28450.7
2726,star,28433.3
2727,examined,28407.2
2728,deeds,28369.2
2729,wordforms,28357.4
2730,somebody,28352.6
2731,incident,28345.5
2732,oath,28324.1
2733,guest,28321
2734,bar,28297.3
2735,row,28295.7
2736,poverty,28267.2
2737,bottle,28240.3
2738,prevented,28237.9
2739,bless,28226.8
2740,stir,28214.2
2741,intense,28207.1
2742,completed,28162
2743,quarrel,28149.3
2744,touching,28146.9
2745,inner,28146.1
2746,available,28136.7
2747,fix,28136.7
2748,resistance,28131.9
2749,unusual,28120.8
2750,deed,28114.5
2751,derive,28109.8
2752,hollow,28106.6
2753,suspected,28105.8
2754,contains,28103.4
2755,sighed,28101.8
2756,province,28082.9
2757,deserted,28082.1
2758,establishment,28072.6
2759,vote,28063.9
2760,muttered,28043.3
2761,thither,28028.3
2762,oxford,28020.4
2763,cavalry,28018.8
2764,lofty,28017.2
2765,endure,27969.7
2766,succeed,27952.3
2767,leg,27931
2768,bid,27910.4
2769,Alice,27885.9
2770,hated,27883.5
2771,civilization,27878.7
2772,u.s.,27877.2
2773,acting,27874
2774,landed,27866.9
2775,Christians,27862.1
2776,passions,27855
2777,interior,27851.1
2778,scarce,27839.2
2779,lightly,27830.5
2780,disturbed,27825.7
2781,rev,27825
2782,supreme,27819.4
2783,hang,27813.9
2784,notwithstanding,27812.3
2785,shock,27777.5
2786,exception,27775.9
2787,offering,27766.4
2788,display,27765.6
2789,strain,27765.6
2790,drank,27750.6
2791,confined,27737.9
2792,o,27727.6
2793,exhausted,27713.4
2794,poets,27693.6
2795,sounded,27690.5
2796,aim,27679.4
2797,critical,27665.9
2798,Jerusalem,27662
2799,directions,27660.4
2800,negro,27637.4
2801,fearful,27624
2802,standard,27611.3
2803,studied,27586
2804,bag,27579.7
2805,n,27563.9
2806,buildings,27546.5
2807,consequences,27544.1
2808,commenced,27534.6
2809,deeper,27506.1
2810,repeat,27504.5
2811,driving,27495.8
2812,beasts,27484.8
2813,track,27484
2814,rid,27457.1
2815,holds,27452.3
2816,residence,27445.2
2817,steadily,27404.1
2818,intimate,27403.3
2819,drinking,27385.1
2820,swear,27380.3
2821,treasure,27351.1
2822,fun,27345.5
2823,throwing,27340
2824,apt,27321
2825,enterprise,27321
2826,queer,27302
2827,seed,27296.5
2828,tower,27285.4
2829,runs,27276.7
2830,defend,27261.7
2831,favourite,27258.5
2832,desires,27249
2833,heavily,27238.7
2834,assembled,27230
2835,existed,27221.3
2836,depends,27216.6
2837,poems,27210.2
2838,hesitated,27208.7
2839,stuff,27203.9
2840,section,27202.3
2841,settlement,27201.5
2842,staring,27199.2
2843,sole,27191.2
2844,roads,27188.9
2845,plate,27174.6
2846,Mexico,27162.8
2847,overcome,27160.4
2848,pains,27159.6
2849,performing,27141.4
2850,dwell,27132.7
2851,grounds,27110.5
2852,taxes,27100.3
2853,marble,27081.3
2854,recently,27076.5
2855,tones,27064.7
2856,ability,27037.8
2857,awake,27037.8
2858,Walter,27037.8
2859,wave,27034.6
2860,shaking,27018
2861,folk,26996.6
2862,possibility,26961
2863,butter,26960.2
2864,fury,26960.2
2865,marched,26915.9
2866,Moses,26908.8
2867,writes,26901.7
2868,issued,26897.7
2869,sailed,26858.2
2870,instructions,26838.4
2871,hatred,26834.4
2872,pursuit,26832.9
2873,pull,26815.5
2874,furniture,26789.3
2875,additions,26788.6
2876,hid,26783
2877,rope,26781.4
2878,vi,26770.4
2879,adventure,26767.2
2880,royalty,26757.7
2881,vanished,26753.7
2882,arts,26748.2
2883,elder,26727.6
2884,signal,26715.8
2885,wanting,26696
2886,supplied,26694.4
2887,feast,26689.7
2888,safely,26650.1
2889,burn,26627.2
2890,describe,26605.8
2891,references,26602.6
2892,lesson,26592.4
2893,annual,26582.9
2894,card,26574.2
2895,passes,26556
2896,application,26542.5
2897,intelligent,26535.4
2898,county,26518.8
2899,beaten,26513.2
2900,presents,26511.7
2901,format,26507.7
2902,flow,26504.5
2903,sixty,26488.7
2904,scale,26480.8
2905,damage,26479.2
2906,marks,26478.4
2907,obtaining,26468.9
2908,moreover,26447.6
2909,commerce,26403.3
2910,startled,26381.1
2911,southern,26375.6
2912,consequently,26362.1
2913,outer,26352.6
2914,belongs,26350.3
2915,ben,26346.3
2916,wrought,26343.9
2917,average,26342.4
2918,naked,26341.6
2919,conducted,26318.6
2920,rivers,26306.8
2921,songs,26299.6
2922,obvious,26283.8
2923,foundation,26269.6
2924,concern,26239.5
2925,ceremony,26230
2926,magic,26210.2
2927,campaign,26203.9
2928,hunting,26202.3
2929,Carolina,26199.2
2930,liberal,26184.1
2931,whisper,26184.1
2932,largely,26177
2933,commonly,26158.8
2934,torn,26151.7
2935,exists,26145.4
2936,contributions,26143
2937,hunt,26139.8
2938,teacher,26128.8
2939,Christianity,26112.9
2940,lawyer,26093.2
2941,operations,26091.6
2942,detail,26089.2
2943,shortly,26070.2
2944,Caesar,26043.3
2945,wondering,26040.9
2946,leaders,26037
2947,blessing,26023.5
2948,princess,26022.7
2949,he'd,26014.8
2950,altar,26013.2
2951,tenderness,26013.2
2952,tiny,25980
2953,web,25971.3
2954,cardinal,25968.9
2955,sharply,25962.6
2956,regiment,25926.2
2957,chest,25915.1
2958,distinctly,25914.4
2959,purple,25912
2960,creating,25910.4
2961,gather,25905.7
2962,depth,25902.5
2963,indignation,25876.4
2964,performance,25870.8
2965,election,25863.7
2966,prosperity,25843.9
2967,gloomy,25825.7
2968,conception,25822.6
2969,clerk,25785.4
2970,decide,25779.1
2971,drunk,25774.3
2972,victim,25770.4
2973,reflected,25768.8
2974,pour,25765.6
2975,preceding,25764
2976,individuals,25759.3
2977,gazing,25737.9
2978,absurd,25718.9
2979,lift,25715
2980,gesture,25714.2
2981,armies,25710.2
2982,limbs,25667.5
2983,manage,25667.5
2984,brethren,25642.2
2985,Hugh,25616.1
2986,plays,25582.1
2987,hastened,25580.5
2988,dragged,25533
2989,motive,25512.5
2990,whatsoever,25421.5
2991,pointing,25416.7
2992,verses,25411.2
2993,pronounced,25410.4
2994,exchange,25408
2995,definite,25393.8
2996,emperor,25366.9
2997,tendency,25363.7
2998,remote,25339.2
2999,finish,25337.6
3000,flag,25313.9
